ts,volume,price,market_cap,symbol,freq
2023-10-14 23:59:59.999000+00:00,100314.6754,1554.94,,ETHUSDT,daily
2023-10-15 23:59:59.999000+00:00,120311.2738,1557.77,,ETHUSDT,daily
2023-10-16 23:59:59.999000+00:00,418510.8644,1599.42,,ETHUSDT,daily
2023-10-17 23:59:59.999000+00:00,234817.0699,1565.01,,ETHUSDT,daily
2023-10-18 23:59:59.999000+00:00,177750.2253,1563.44,,ETHUSDT,daily
2023-10-19 23:59:59.999000+00:00,216217.6675,1566.57,,ETHUSDT,daily
2023-10-20 23:59:59.999000+00:00,315995.792,1603.89,,ETHUSDT,daily
2023-10-21 23:59:59.999000+00:00,176419.4092,1628.94,,ETHUSDT,daily
2023-10-22 23:59:59.999000+00:00,228650.9225,1663.7,,ETHUSDT,daily
2023-10-23 23:59:59.999000+00:00,610931.9663,1765.46,,ETHUSDT,daily
2023-10-24 23:59:59.999000+00:00,674055.1375,1784.98,,ETHUSDT,daily
2023-10-25 23:59:59.999000+00:00,354410.8294,1787.15,,ETHUSDT,daily
2023-10-26 23:59:59.999000+00:00,431169.0453,1803.38,,ETHUSDT,daily
2023-10-27 23:59:59.999000+00:00,274532.6921,1779.4,,ETHUSDT,daily
2023-10-28 23:59:59.999000+00:00,122919.7382,1776.2,,ETHUSDT,daily
2023-10-29 23:59:59.999000+00:00,144110.6508,1795.14,,ETHUSDT,daily
2023-10-30 23:59:59.999000+00:00,277686.192,1809.04,,ETHUSDT,daily
2023-10-31 23:59:59.999000+00:00,258074.5796,1814.67,,ETHUSDT,daily
2023-11-01 23:59:59.999000+00:00,471921.6184,1846.99,,ETHUSDT,daily
2023-11-02 23:59:59.999000+00:00,368738.2193,1800.8,,ETHUSDT,daily
2023-11-03 23:59:59.999000+00:00,315000.2678,1832.71,,ETHUSDT,daily
2023-11-04 23:59:59.999000+00:00,171538.0364,1855.54,,ETHUSDT,daily
2023-11-05 23:59:59.999000+00:00,383106.7628,1891.71,,ETHUSDT,daily
2023-11-06 23:59:59.999000+00:00,328746.2394,1900.95,,ETHUSDT,daily
2023-11-07 23:59:59.999000+00:00,332419.4406,1885.27,,ETHUSDT,daily
2023-11-08 23:59:59.999000+00:00,247881.0997,1888.12,,ETHUSDT,daily
2023-11-09 23:59:59.999000+00:00,1100330.3237,2121.32,,ETHUSDT,daily
2023-11-10 23:59:59.999000+00:00,555573.6495,2077.72,,ETHUSDT,daily
2023-11-11 23:59:59.999000+00:00,370966.0372,2053.17,,ETHUSDT,daily
2023-11-12 23:59:59.999000+00:00,281907.559,2044.68,,ETHUSDT,daily
2023-11-13 23:59:59.999000+00:00,529143.5815,2053.65,,ETHUSDT,daily
2023-11-14 23:59:59.999000+00:00,481909.733,1979.39,,ETHUSDT,daily
2023-11-15 23:59:59.999000+00:00,421870.8032,2058.48,,ETHUSDT,daily
2023-11-16 23:59:59.999000+00:00,545286.1297,1961.77,,ETHUSDT,daily
2023-11-17 23:59:59.999000+00:00,401100.5069,1960.82,,ETHUSDT,daily
2023-11-18 23:59:59.999000+00:00,279368.2208,1962.6,,ETHUSDT,daily
2023-11-19 23:59:59.999000+00:00,251132.6192,2011.47,,ETHUSDT,daily
2023-11-20 23:59:59.999000+00:00,421717.679,2021.4,,ETHUSDT,daily
2023-11-21 23:59:59.999000+00:00,490163.9863,1933.01,,ETHUSDT,daily
2023-11-22 23:59:59.999000+00:00,466120.5109,2063.21,,ETHUSDT,daily
2023-11-23 23:59:59.999000+00:00,250960.6958,2062.2,,ETHUSDT,daily
2023-11-24 23:59:59.999000+00:00,426932.5402,2080.84,,ETHUSDT,daily
2023-11-25 23:59:59.999000+00:00,138847.393,2083.09,,ETHUSDT,daily
2023-11-26 23:59:59.999000+00:00,241262.9136,2062.33,,ETHUSDT,daily
2023-11-27 23:59:59.999000+00:00,326073.2298,2027.5,,ETHUSDT,daily
2023-11-28 23:59:59.999000+00:00,283775.9279,2048.14,,ETHUSDT,daily
2023-11-29 23:59:59.999000+00:00,254843.7319,2028.81,,ETHUSDT,daily
2023-11-30 23:59:59.999000+00:00,243680.0921,2051.96,,ETHUSDT,daily
2023-12-01 23:59:59.999000+00:00,372645.586,2087.24,,ETHUSDT,daily
2023-12-02 23:59:59.999000+00:00,320979.9768,2164.74,,ETHUSDT,daily
2023-12-03 23:59:59.999000+00:00,257879.1136,2192.95,,ETHUSDT,daily
2023-12-04 23:59:59.999000+00:00,565307.7134,2243.37,,ETHUSDT,daily
2023-12-05 23:59:59.999000+00:00,529829.7214,2293.33,,ETHUSDT,daily
2023-12-06 23:59:59.999000+00:00,408338.9056,2232.7,,ETHUSDT,daily
2023-12-07 23:59:59.999000+00:00,485190.0609,2355.73,,ETHUSDT,daily
2023-12-08 23:59:59.999000+00:00,378569.8126,2358.72,,ETHUSDT,daily
2023-12-09 23:59:59.999000+00:00,287771.0664,2340.49,,ETHUSDT,daily
2023-12-10 23:59:59.999000+00:00,200037.2102,2352.39,,ETHUSDT,daily
2023-12-11 23:59:59.999000+00:00,640414.9166,2225.12,,ETHUSDT,daily
2023-12-12 23:59:59.999000+00:00,361588.9087,2203.46,,ETHUSDT,daily
2023-12-13 23:59:59.999000+00:00,418916.6154,2260.16,,ETHUSDT,daily
2023-12-14 23:59:59.999000+00:00,409508.0931,2315.32,,ETHUSDT,daily
2023-12-15 23:59:59.999000+00:00,333552.6328,2220.5,,ETHUSDT,daily
2023-12-16 23:59:59.999000+00:00,199285.923,2228.96,,ETHUSDT,daily
2023-12-17 23:59:59.999000+00:00,225925.7675,2196.52,,ETHUSDT,daily
2023-12-18 23:59:59.999000+00:00,364103.1181,2219.43,,ETHUSDT,daily
2023-12-19 23:59:59.999000+00:00,383551.4049,2177.91,,ETHUSDT,daily
2023-12-20 23:59:59.999000+00:00,416841.6272,2202.17,,ETHUSDT,daily
2023-12-21 23:59:59.999000+00:00,453069.7252,2239.61,,ETHUSDT,daily
2023-12-22 23:59:59.999000+00:00,591357.488,2324.54,,ETHUSDT,daily
2023-12-23 23:59:59.999000+00:00,255626.9352,2308.2,,ETHUSDT,daily
2023-12-24 23:59:59.999000+00:00,307951.076,2264.05,,ETHUSDT,daily
2023-12-25 23:59:59.999000+00:00,286277.1616,2271.35,,ETHUSDT,daily
2023-12-26 23:59:59.999000+00:00,410413.1591,2230.88,,ETHUSDT,daily
2023-12-27 23:59:59.999000+00:00,541537.3574,2378.35,,ETHUSDT,daily
2023-12-28 23:59:59.999000+00:00,580459.982,2344.15,,ETHUSDT,daily
2023-12-29 23:59:59.999000+00:00,450201.2069,2299.2,,ETHUSDT,daily
2023-12-30 23:59:59.999000+00:00,210539.1327,2291.68,,ETHUSDT,daily
2023-12-31 23:59:59.999000+00:00,222175.8779,2281.87,,ETHUSDT,daily
2024-01-01 23:59:59.999000+00:00,216702.6914,2352.04,,ETHUSDT,daily
2024-01-02 23:59:59.999000+00:00,458041.6642,2355.34,,ETHUSDT,daily
2024-01-03 23:59:59.999000+00:00,798729.4869,2209.72,,ETHUSDT,daily
2024-01-04 23:59:59.999000+00:00,448844.055,2267.11,,ETHUSDT,daily
2024-01-05 23:59:59.999000+00:00,405568.0006,2268.78,,ETHUSDT,daily
2024-01-06 23:59:59.999000+00:00,194067.8656,2240.78,,ETHUSDT,daily
2024-01-07 23:59:59.999000+00:00,207138.6927,2221.42,,ETHUSDT,daily
2024-01-08 23:59:59.999000+00:00,539407.5547,2330.44,,ETHUSDT,daily
2024-01-09 23:59:59.999000+00:00,551454.9931,2344.29,,ETHUSDT,daily
2024-01-10 23:59:59.999000+00:00,1038388.666,2584.38,,ETHUSDT,daily
2024-01-11 23:59:59.999000+00:00,838712.2577,2618.01,,ETHUSDT,daily
2024-01-12 23:59:59.999000+00:00,887457.7627,2522.54,,ETHUSDT,daily
2024-01-13 23:59:59.999000+00:00,422061.232,2578.19,,ETHUSDT,daily
2024-01-14 23:59:59.999000+00:00,306207.7463,2472.87,,ETHUSDT,daily
2024-01-15 23:59:59.999000+00:00,315247.8819,2511.78,,ETHUSDT,daily
2024-01-16 23:59:59.999000+00:00,381077.6247,2587.4,,ETHUSDT,daily
2024-01-17 23:59:59.999000+00:00,366281.3477,2530.19,,ETHUSDT,daily
2024-01-18 23:59:59.999000+00:00,452090.1074,2470.81,,ETHUSDT,daily
2024-01-19 23:59:59.999000+00:00,424209.0029,2492.0,,ETHUSDT,daily
2024-01-20 23:59:59.999000+00:00,136620.9577,2472.01,,ETHUSDT,daily
2024-01-21 23:59:59.999000+00:00,122572.1687,2457.05,,ETHUSDT,daily
2024-01-22 23:59:59.999000+00:00,526337.6492,2314.2,,ETHUSDT,daily
2024-01-23 23:59:59.999000+00:00,700105.3314,2242.6,,ETHUSDT,daily
2024-01-24 23:59:59.999000+00:00,359851.1496,2235.02,,ETHUSDT,daily
2024-01-25 23:59:59.999000+00:00,330426.6061,2218.64,,ETHUSDT,daily
2024-01-26 23:59:59.999000+00:00,363566.4255,2267.68,,ETHUSDT,daily
2024-01-27 23:59:59.999000+00:00,145109.3836,2267.94,,ETHUSDT,daily
2024-01-28 23:59:59.999000+00:00,209326.9087,2256.9,,ETHUSDT,daily
2024-01-29 23:59:59.999000+00:00,305528.0776,2317.6,,ETHUSDT,daily
2024-01-30 23:59:59.999000+00:00,372879.5791,2343.01,,ETHUSDT,daily
2024-01-31 23:59:59.999000+00:00,397116.1859,2283.14,,ETHUSDT,daily
2024-02-01 23:59:59.999000+00:00,310997.4538,2304.28,,ETHUSDT,daily
2024-02-02 23:59:59.999000+00:00,238230.511,2309.06,,ETHUSDT,daily
2024-02-03 23:59:59.999000+00:00,133232.845,2296.49,,ETHUSDT,daily
2024-02-04 23:59:59.999000+00:00,171232.0444,2289.79,,ETHUSDT,daily
2024-02-05 23:59:59.999000+00:00,236610.412,2301.83,,ETHUSDT,daily
2024-02-06 23:59:59.999000+00:00,368942.7498,2372.64,,ETHUSDT,daily
2024-02-07 23:59:59.999000+00:00,342791.7013,2425.1,,ETHUSDT,daily
2024-02-08 23:59:59.999000+00:00,338040.0539,2419.55,,ETHUSDT,daily
2024-02-09 23:59:59.999000+00:00,492384.385,2486.56,,ETHUSDT,daily
2024-02-10 23:59:59.999000+00:00,185099.59,2500.24,,ETHUSDT,daily
2024-02-11 23:59:59.999000+00:00,219975.1471,2507.21,,ETHUSDT,daily
2024-02-12 23:59:59.999000+00:00,449501.776,2659.99,,ETHUSDT,daily
2024-02-13 23:59:59.999000+00:00,502447.745,2639.99,,ETHUSDT,daily
2024-02-14 23:59:59.999000+00:00,461670.6944,2774.81,,ETHUSDT,daily
2024-02-15 23:59:59.999000+00:00,481689.1874,2822.59,,ETHUSDT,daily
2024-02-16 23:59:59.999000+00:00,378070.8037,2801.8,,ETHUSDT,daily
2024-02-17 23:59:59.999000+00:00,243302.8759,2785.93,,ETHUSDT,daily
2024-02-18 23:59:59.999000+00:00,367987.8833,2881.2,,ETHUSDT,daily
2024-02-19 23:59:59.999000+00:00,446451.0401,2944.8,,ETHUSDT,daily
2024-02-20 23:59:59.999000+00:00,634681.7471,3014.81,,ETHUSDT,daily
2024-02-21 23:59:59.999000+00:00,595955.0033,2967.9,,ETHUSDT,daily
2024-02-22 23:59:59.999000+00:00,563525.9936,2971.4,,ETHUSDT,daily
2024-02-23 23:59:59.999000+00:00,428826.5787,2922.24,,ETHUSDT,daily
2024-02-24 23:59:59.999000+00:00,243854.0783,2992.62,,ETHUSDT,daily
2024-02-25 23:59:59.999000+00:00,412306.2237,3112.59,,ETHUSDT,daily
2024-02-26 23:59:59.999000+00:00,546722.7747,3175.94,,ETHUSDT,daily
2024-02-27 23:59:59.999000+00:00,625939.1221,3242.36,,ETHUSDT,daily
2024-02-28 23:59:59.999000+00:00,947538.766,3383.1,,ETHUSDT,daily
2024-02-29 23:59:59.999000+00:00,759698.1123,3340.09,,ETHUSDT,daily
2024-03-01 23:59:59.999000+00:00,412788.5773,3433.43,,ETHUSDT,daily
2024-03-02 23:59:59.999000+00:00,283984.9448,3421.4,,ETHUSDT,daily
2024-03-03 23:59:59.999000+00:00,341631.531,3487.81,,ETHUSDT,daily
2024-03-04 23:59:59.999000+00:00,715360.6361,3627.76,,ETHUSDT,daily
2024-03-05 23:59:59.999000+00:00,1392904.864,3553.65,,ETHUSDT,daily
2024-03-06 23:59:59.999000+00:00,969494.71,3818.59,,ETHUSDT,daily
2024-03-07 23:59:59.999000+00:00,540780.675,3868.76,,ETHUSDT,daily
2024-03-08 23:59:59.999000+00:00,646399.2589,3883.36,,ETHUSDT,daily
2024-03-09 23:59:59.999000+00:00,254839.1386,3905.21,,ETHUSDT,daily
2024-03-10 23:59:59.999000+00:00,356664.68,3878.47,,ETHUSDT,daily
2024-03-11 23:59:59.999000+00:00,721554.5139,4064.8,,ETHUSDT,daily
2024-03-12 23:59:59.999000+00:00,632787.3941,3979.96,,ETHUSDT,daily
2024-03-13 23:59:59.999000+00:00,482305.7766,4004.79,,ETHUSDT,daily
2024-03-14 23:59:59.999000+00:00,648237.5245,3881.7,,ETHUSDT,daily
2024-03-15 23:59:59.999000+00:00,947537.4071,3742.19,,ETHUSDT,daily
2024-03-16 23:59:59.999000+00:00,548288.1569,3523.09,,ETHUSDT,daily
2024-03-17 23:59:59.999000+00:00,517790.9936,3644.71,,ETHUSDT,daily
2024-03-18 23:59:59.999000+00:00,570901.2851,3520.46,,ETHUSDT,daily
2024-03-19 23:59:59.999000+00:00,1049629.6936,3158.64,,ETHUSDT,daily
2024-03-20 23:59:59.999000+00:00,1207322.8201,3516.53,,ETHUSDT,daily
2024-03-21 23:59:59.999000+00:00,602755.2072,3492.85,,ETHUSDT,daily
2024-03-22 23:59:59.999000+00:00,558848.888,3336.35,,ETHUSDT,daily
2024-03-23 23:59:59.999000+00:00,323675.9448,3329.53,,ETHUSDT,daily
2024-03-24 23:59:59.999000+00:00,260824.1408,3454.98,,ETHUSDT,daily
2024-03-25 23:59:59.999000+00:00,548577.6942,3590.42,,ETHUSDT,daily
2024-03-26 23:59:59.999000+00:00,499013.8384,3587.33,,ETHUSDT,daily
2024-03-27 23:59:59.999000+00:00,443195.3297,3501.19,,ETHUSDT,daily
2024-03-28 23:59:59.999000+00:00,404654.0311,3560.49,,ETHUSDT,daily
2024-03-29 23:59:59.999000+00:00,323086.179,3509.74,,ETHUSDT,daily
2024-03-30 23:59:59.999000+00:00,216025.2634,3505.64,,ETHUSDT,daily
2024-03-31 23:59:59.999000+00:00,243464.9877,3645.29,,ETHUSDT,daily
2024-04-01 23:59:59.999000+00:00,408854.1225,3503.8,,ETHUSDT,daily
2024-04-02 23:59:59.999000+00:00,623264.6476,3278.96,,ETHUSDT,daily
2024-04-03 23:59:59.999000+00:00,410484.1933,3310.83,,ETHUSDT,daily
2024-04-04 23:59:59.999000+00:00,356338.5716,3327.4,,ETHUSDT,daily
2024-04-05 23:59:59.999000+00:00,344556.7983,3317.85,,ETHUSDT,daily
2024-04-06 23:59:59.999000+00:00,183312.2125,3351.59,,ETHUSDT,daily
2024-04-07 23:59:59.999000+00:00,210459.0752,3454.2,,ETHUSDT,daily
2024-04-08 23:59:59.999000+00:00,496841.3532,3694.61,,ETHUSDT,daily
2024-04-09 23:59:59.999000+00:00,457592.252,3506.39,,ETHUSDT,daily
2024-04-10 23:59:59.999000+00:00,389404.9055,3545.64,,ETHUSDT,daily
2024-04-11 23:59:59.999000+00:00,338139.5534,3502.52,,ETHUSDT,daily
2024-04-12 23:59:59.999000+00:00,697327.1174,3237.43,,ETHUSDT,daily
2024-04-13 23:59:59.999000+00:00,994971.2354,3007.01,,ETHUSDT,daily
2024-04-14 23:59:59.999000+00:00,737580.4666,3155.11,,ETHUSDT,daily
2024-04-15 23:59:59.999000+00:00,605430.8863,3101.99,,ETHUSDT,daily
2024-04-16 23:59:59.999000+00:00,526113.855,3084.22,,ETHUSDT,daily
2024-04-17 23:59:59.999000+00:00,491897.5661,2985.41,,ETHUSDT,daily
2024-04-18 23:59:59.999000+00:00,389060.7133,3064.4,,ETHUSDT,daily
2024-04-19 23:59:59.999000+00:00,607850.4019,3056.46,,ETHUSDT,daily
2024-04-20 23:59:59.999000+00:00,242577.6371,3155.79,,ETHUSDT,daily
2024-04-21 23:59:59.999000+00:00,219970.5072,3147.67,,ETHUSDT,daily
2024-04-22 23:59:59.999000+00:00,290879.9569,3200.2,,ETHUSDT,daily
2024-04-23 23:59:59.999000+00:00,253914.2263,3219.46,,ETHUSDT,daily
2024-04-24 23:59:59.999000+00:00,393314.3414,3140.8,,ETHUSDT,daily
2024-04-25 23:59:59.999000+00:00,352288.5502,3155.8,,ETHUSDT,daily
2024-04-26 23:59:59.999000+00:00,252522.655,3131.3,,ETHUSDT,daily
2024-04-27 23:59:59.999000+00:00,323811.1919,3255.56,,ETHUSDT,daily
2024-04-28 23:59:59.999000+00:00,304766.009,3263.45,,ETHUSDT,daily
2024-04-29 23:59:59.999000+00:00,421831.2912,3216.73,,ETHUSDT,daily
2024-04-30 23:59:59.999000+00:00,561717.4866,3014.05,,ETHUSDT,daily
2024-05-01 23:59:59.999000+00:00,624963.7773,2972.46,,ETHUSDT,daily
2024-05-02 23:59:59.999000+00:00,365939.7191,2986.19,,ETHUSDT,daily
2024-05-03 23:59:59.999000+00:00,355825.8391,3102.61,,ETHUSDT,daily
2024-05-04 23:59:59.999000+00:00,196263.9488,3117.23,,ETHUSDT,daily
2024-05-05 23:59:59.999000+00:00,218760.2662,3136.41,,ETHUSDT,daily
2024-05-06 23:59:59.999000+00:00,355135.3027,3062.6,,ETHUSDT,daily
2024-05-07 23:59:59.999000+00:00,298796.6829,3005.69,,ETHUSDT,daily
2024-05-08 23:59:59.999000+00:00,266934.8125,2974.21,,ETHUSDT,daily
2024-05-09 23:59:59.999000+00:00,238561.7462,3036.23,,ETHUSDT,daily
2024-05-10 23:59:59.999000+00:00,327855.8758,2909.99,,ETHUSDT,daily
2024-05-11 23:59:59.999000+00:00,138163.1087,2912.45,,ETHUSDT,daily
2024-05-12 23:59:59.999000+00:00,107670.6323,2929.29,,ETHUSDT,daily
2024-05-13 23:59:59.999000+00:00,368664.7648,2950.99,,ETHUSDT,daily
2024-05-14 23:59:59.999000+00:00,269675.3037,2881.93,,ETHUSDT,daily
2024-05-15 23:59:59.999000+00:00,350254.3188,3032.55,,ETHUSDT,daily
2024-05-16 23:59:59.999000+00:00,293874.1513,2944.7,,ETHUSDT,daily
2024-05-17 23:59:59.999000+00:00,357724.7731,3092.01,,ETHUSDT,daily
2024-05-18 23:59:59.999000+00:00,199976.5456,3122.94,,ETHUSDT,daily
2024-05-19 23:59:59.999000+00:00,166145.0102,3071.19,,ETHUSDT,daily
2024-05-20 23:59:59.999000+00:00,847107.8828,3661.78,,ETHUSDT,daily
2024-05-21 23:59:59.999000+00:00,952437.2694,3789.6,,ETHUSDT,daily
2024-05-22 23:59:59.999000+00:00,574938.3099,3737.73,,ETHUSDT,daily
2024-05-23 23:59:59.999000+00:00,1127866.076,3783.61,,ETHUSDT,daily
2024-05-24 23:59:59.999000+00:00,479418.4318,3728.28,,ETHUSDT,daily
2024-05-25 23:59:59.999000+00:00,158711.8992,3749.26,,ETHUSDT,daily
2024-05-26 23:59:59.999000+00:00,292208.2937,3826.47,,ETHUSDT,daily
2024-05-27 23:59:59.999000+00:00,363717.6473,3894.22,,ETHUSDT,daily
2024-05-28 23:59:59.999000+00:00,416249.8344,3844.69,,ETHUSDT,daily
2024-05-29 23:59:59.999000+00:00,334759.6348,3767.43,,ETHUSDT,daily
2024-05-30 23:59:59.999000+00:00,277034.2894,3747.91,,ETHUSDT,daily
2024-05-31 23:59:59.999000+00:00,273406.766,3762.29,,ETHUSDT,daily
2024-06-01 23:59:59.999000+00:00,132687.2006,3815.82,,ETHUSDT,daily
2024-06-02 23:59:59.999000+00:00,210295.4407,3780.91,,ETHUSDT,daily
2024-06-03 23:59:59.999000+00:00,248848.702,3767.06,,ETHUSDT,daily
2024-06-04 23:59:59.999000+00:00,232063.7468,3810.23,,ETHUSDT,daily
2024-06-05 23:59:59.999000+00:00,273738.6035,3865.99,,ETHUSDT,daily
2024-06-06 23:59:59.999000+00:00,237504.1905,3813.46,,ETHUSDT,daily
2024-06-07 23:59:59.999000+00:00,362223.3594,3678.32,,ETHUSDT,daily
2024-06-08 23:59:59.999000+00:00,140550.8394,3681.57,,ETHUSDT,daily
2024-06-09 23:59:59.999000+00:00,103451.102,3706.4,,ETHUSDT,daily
2024-06-10 23:59:59.999000+00:00,156363.1846,3667.85,,ETHUSDT,daily
2024-06-11 23:59:59.999000+00:00,439568.5978,3497.33,,ETHUSDT,daily
2024-06-12 23:59:59.999000+00:00,387043.774,3560.12,,ETHUSDT,daily
2024-06-13 23:59:59.999000+00:00,300230.8299,3469.4,,ETHUSDT,daily
2024-06-14 23:59:59.999000+00:00,322316.4214,3481.8,,ETHUSDT,daily
2024-06-15 23:59:59.999000+00:00,246649.5894,3568.74,,ETHUSDT,daily
2024-06-16 23:59:59.999000+00:00,149839.982,3624.41,,ETHUSDT,daily
2024-06-17 23:59:59.999000+00:00,337805.6402,3511.46,,ETHUSDT,daily
2024-06-18 23:59:59.999000+00:00,449913.3014,3483.42,,ETHUSDT,daily
2024-06-19 23:59:59.999000+00:00,321500.0027,3560.51,,ETHUSDT,daily
2024-06-20 23:59:59.999000+00:00,329117.8453,3513.08,,ETHUSDT,daily
2024-06-21 23:59:59.999000+00:00,342155.102,3518.5,,ETHUSDT,daily
2024-06-22 23:59:59.999000+00:00,115774.6157,3495.75,,ETHUSDT,daily
2024-06-23 23:59:59.999000+00:00,133411.4304,3420.91,,ETHUSDT,daily
2024-06-24 23:59:59.999000+00:00,543370.4229,3352.73,,ETHUSDT,daily
2024-06-25 23:59:59.999000+00:00,240036.2236,3394.91,,ETHUSDT,daily
2024-06-26 23:59:59.999000+00:00,206949.3418,3371.44,,ETHUSDT,daily
2024-06-27 23:59:59.999000+00:00,201041.6609,3450.44,,ETHUSDT,daily
2024-06-28 23:59:59.999000+00:00,221634.3435,3380.15,,ETHUSDT,daily
2024-06-29 23:59:59.999000+00:00,88329.7651,3378.8,,ETHUSDT,daily
2024-06-30 23:59:59.999000+00:00,141221.6185,3438.16,,ETHUSDT,daily
2024-07-01 23:59:59.999000+00:00,224273.2122,3442.2,,ETHUSDT,daily
2024-07-02 23:59:59.999000+00:00,137932.7014,3421.35,,ETHUSDT,daily
2024-07-03 23:59:59.999000+00:00,310408.451,3295.48,,ETHUSDT,daily
2024-07-04 23:59:59.999000+00:00,450402.5692,3059.7,,ETHUSDT,daily
2024-07-05 23:59:59.999000+00:00,886994.3753,2981.78,,ETHUSDT,daily
2024-07-06 23:59:59.999000+00:00,214487.9713,3066.83,,ETHUSDT,daily
2024-07-07 23:59:59.999000+00:00,179892.7612,2931.0,,ETHUSDT,daily
2024-07-08 23:59:59.999000+00:00,500445.0105,3019.01,,ETHUSDT,daily
2024-07-09 23:59:59.999000+00:00,280358.1424,3066.65,,ETHUSDT,daily
2024-07-10 23:59:59.999000+00:00,270827.0844,3101.05,,ETHUSDT,daily
2024-07-11 23:59:59.999000+00:00,289229.32,3099.57,,ETHUSDT,daily
2024-07-12 23:59:59.999000+00:00,185745.1825,3133.88,,ETHUSDT,daily
2024-07-13 23:59:59.999000+00:00,119302.4769,3175.93,,ETHUSDT,daily
2024-07-14 23:59:59.999000+00:00,165430.7716,3245.08,,ETHUSDT,daily
2024-07-15 23:59:59.999000+00:00,314296.8452,3483.39,,ETHUSDT,daily
2024-07-16 23:59:59.999000+00:00,376128.7869,3444.13,,ETHUSDT,daily
2024-07-17 23:59:59.999000+00:00,297812.5162,3387.05,,ETHUSDT,daily
2024-07-18 23:59:59.999000+00:00,241950.3457,3426.5,,ETHUSDT,daily
2024-07-19 23:59:59.999000+00:00,299511.6422,3503.53,,ETHUSDT,daily
2024-07-20 23:59:59.999000+00:00,147510.8165,3517.5,,ETHUSDT,daily
2024-07-21 23:59:59.999000+00:00,218890.9656,3535.92,,ETHUSDT,daily
2024-07-22 23:59:59.999000+00:00,207859.5043,3439.6,,ETHUSDT,daily
2024-07-23 23:59:59.999000+00:00,500568.7811,3482.51,,ETHUSDT,daily
2024-07-24 23:59:59.999000+00:00,275479.0506,3335.81,,ETHUSDT,daily
2024-07-25 23:59:59.999000+00:00,494282.6398,3175.48,,ETHUSDT,daily
2024-07-26 23:59:59.999000+00:00,260237.4641,3274.61,,ETHUSDT,daily
2024-07-27 23:59:59.999000+00:00,231991.9037,3249.01,,ETHUSDT,daily
2024-07-28 23:59:59.999000+00:00,103529.8329,3270.16,,ETHUSDT,daily
2024-07-29 23:59:59.999000+00:00,318471.5055,3317.66,,ETHUSDT,daily
2024-07-30 23:59:59.999000+00:00,197277.1641,3279.21,,ETHUSDT,daily
2024-07-31 23:59:59.999000+00:00,233711.3352,3232.74,,ETHUSDT,daily
2024-08-01 23:59:59.999000+00:00,323285.6105,3203.4,,ETHUSDT,daily
2024-08-02 23:59:59.999000+00:00,385704.0395,2989.61,,ETHUSDT,daily
2024-08-03 23:59:59.999000+00:00,344595.3157,2903.64,,ETHUSDT,daily
2024-08-04 23:59:59.999000+00:00,512064.2612,2688.92,,ETHUSDT,daily
2024-08-05 23:59:59.999000+00:00,2670604.1003,2419.59,,ETHUSDT,daily
2024-08-06 23:59:59.999000+00:00,642283.8038,2461.33,,ETHUSDT,daily
2024-08-07 23:59:59.999000+00:00,630115.4228,2342.8,,ETHUSDT,daily
2024-08-08 23:59:59.999000+00:00,586502.8754,2682.5,,ETHUSDT,daily
2024-08-09 23:59:59.999000+00:00,406739.9611,2598.78,,ETHUSDT,daily
2024-08-10 23:59:59.999000+00:00,171012.3619,2609.92,,ETHUSDT,daily
2024-08-11 23:59:59.999000+00:00,297098.9145,2555.38,,ETHUSDT,daily
2024-08-12 23:59:59.999000+00:00,483414.2506,2722.3,,ETHUSDT,daily
2024-08-13 23:59:59.999000+00:00,325668.6964,2702.44,,ETHUSDT,daily
2024-08-14 23:59:59.999000+00:00,338808.7141,2661.45,,ETHUSDT,daily
2024-08-15 23:59:59.999000+00:00,356546.8059,2569.89,,ETHUSDT,daily
2024-08-16 23:59:59.999000+00:00,270684.1373,2592.73,,ETHUSDT,daily
2024-08-17 23:59:59.999000+00:00,89348.676,2614.51,,ETHUSDT,daily
2024-08-18 23:59:59.999000+00:00,174074.0585,2612.15,,ETHUSDT,daily
2024-08-19 23:59:59.999000+00:00,224867.1336,2636.36,,ETHUSDT,daily
2024-08-20 23:59:59.999000+00:00,281315.8751,2572.82,,ETHUSDT,daily
2024-08-21 23:59:59.999000+00:00,245286.6218,2630.71,,ETHUSDT,daily
2024-08-22 23:59:59.999000+00:00,199063.1196,2622.88,,ETHUSDT,daily
2024-08-23 23:59:59.999000+00:00,401786.4447,2762.48,,ETHUSDT,daily
2024-08-24 23:59:59.999000+00:00,263542.9441,2768.0,,ETHUSDT,daily
2024-08-25 23:59:59.999000+00:00,154527.2352,2746.13,,ETHUSDT,daily
2024-08-26 23:59:59.999000+00:00,211708.1247,2680.49,,ETHUSDT,daily
2024-08-27 23:59:59.999000+00:00,412660.7197,2457.33,,ETHUSDT,daily
2024-08-28 23:59:59.999000+00:00,451266.634,2528.33,,ETHUSDT,daily
2024-08-29 23:59:59.999000+00:00,237002.9632,2527.61,,ETHUSDT,daily
2024-08-30 23:59:59.999000+00:00,338379.1941,2526.0,,ETHUSDT,daily
2024-08-31 23:59:59.999000+00:00,97946.1147,2513.01,,ETHUSDT,daily
2024-09-01 23:59:59.999000+00:00,223127.776,2425.72,,ETHUSDT,daily
2024-09-02 23:59:59.999000+00:00,262632.8385,2538.01,,ETHUSDT,daily
2024-09-03 23:59:59.999000+00:00,224793.1299,2425.29,,ETHUSDT,daily
2024-09-04 23:59:59.999000+00:00,384179.3854,2450.71,,ETHUSDT,daily
2024-09-05 23:59:59.999000+00:00,278549.0969,2368.81,,ETHUSDT,daily
2024-09-06 23:59:59.999000+00:00,643027.111,2225.23,,ETHUSDT,daily
2024-09-07 23:59:59.999000+00:00,219453.2076,2273.58,,ETHUSDT,daily
2024-09-08 23:59:59.999000+00:00,192775.6493,2297.3,,ETHUSDT,daily
2024-09-09 23:59:59.999000+00:00,321698.99,2359.5,,ETHUSDT,daily
2024-09-10 23:59:59.999000+00:00,224382.1729,2388.52,,ETHUSDT,daily
2024-09-11 23:59:59.999000+00:00,282898.3125,2340.55,,ETHUSDT,daily
2024-09-12 23:59:59.999000+00:00,202611.1308,2361.76,,ETHUSDT,daily
2024-09-13 23:59:59.999000+00:00,253888.616,2439.19,,ETHUSDT,daily
2024-09-14 23:59:59.999000+00:00,122931.2302,2417.79,,ETHUSDT,daily
2024-09-15 23:59:59.999000+00:00,174364.1946,2316.1,,ETHUSDT,daily
2024-09-16 23:59:59.999000+00:00,330555.232,2295.68,,ETHUSDT,daily
2024-09-17 23:59:59.999000+00:00,274206.2588,2341.8,,ETHUSDT,daily
2024-09-18 23:59:59.999000+00:00,292917.6008,2374.75,,ETHUSDT,daily
2024-09-19 23:59:59.999000+00:00,326746.032,2465.21,,ETHUSDT,daily
2024-09-20 23:59:59.999000+00:00,340754.5912,2561.4,,ETHUSDT,daily
2024-09-21 23:59:59.999000+00:00,154757.8773,2612.4,,ETHUSDT,daily
2024-09-22 23:59:59.999000+00:00,214266.3257,2581.0,,ETHUSDT,daily
2024-09-23 23:59:59.999000+00:00,333282.0149,2646.97,,ETHUSDT,daily
2024-09-24 23:59:59.999000+00:00,288600.0402,2653.2,,ETHUSDT,daily
2024-09-25 23:59:59.999000+00:00,220343.4293,2579.95,,ETHUSDT,daily
2024-09-26 23:59:59.999000+00:00,278686.3573,2632.26,,ETHUSDT,daily
2024-09-27 23:59:59.999000+00:00,281826.9792,2694.43,,ETHUSDT,daily
2024-09-28 23:59:59.999000+00:00,137230.0342,2675.21,,ETHUSDT,daily
2024-09-29 23:59:59.999000+00:00,160554.3146,2657.62,,ETHUSDT,daily
2024-09-30 23:59:59.999000+00:00,282475.7961,2602.23,,ETHUSDT,daily
2024-10-01 23:59:59.999000+00:00,502828.6804,2447.79,,ETHUSDT,daily
2024-10-02 23:59:59.999000+00:00,317484.735,2364.1,,ETHUSDT,daily
2024-10-03 23:59:59.999000+00:00,314635.9263,2349.8,,ETHUSDT,daily
2024-10-04 23:59:59.999000+00:00,239383.017,2414.41,,ETHUSDT,daily
2024-10-05 23:59:59.999000+00:00,103740.2316,2414.66,,ETHUSDT,daily
2024-10-06 23:59:59.999000+00:00,105752.7096,2440.03,,ETHUSDT,daily
2024-10-07 23:59:59.999000+00:00,300459.5407,2422.71,,ETHUSDT,daily
2024-10-08 23:59:59.999000+00:00,201358.3312,2440.89,,ETHUSDT,daily
2024-10-09 23:59:59.999000+00:00,242082.2725,2370.47,,ETHUSDT,daily
2024-10-10 23:59:59.999000+00:00,257862.9619,2386.49,,ETHUSDT,daily
2024-10-11 23:59:59.999000+00:00,235441.2197,2439.5,,ETHUSDT,daily
2024-10-12 23:59:59.999000+00:00,139637.5062,2476.4,,ETHUSDT,daily
2024-10-13 23:59:59.999000+00:00,120022.8179,2468.91,,ETHUSDT,daily
2024-10-14 23:59:59.999000+00:00,435900.1619,2629.79,,ETHUSDT,daily
2024-10-15 23:59:59.999000+00:00,416285.6663,2607.41,,ETHUSDT,daily
2024-10-16 23:59:59.999000+00:00,260322.4242,2611.1,,ETHUSDT,daily
2024-10-17 23:59:59.999000+00:00,221624.5434,2605.8,,ETHUSDT,daily
2024-10-18 23:59:59.999000+00:00,292444.1153,2642.17,,ETHUSDT,daily
2024-10-19 23:59:59.999000+00:00,105413.7646,2648.2,,ETHUSDT,daily
2024-10-20 23:59:59.999000+00:00,256910.7448,2746.91,,ETHUSDT,daily
2024-10-21 23:59:59.999000+00:00,310674.7232,2666.7,,ETHUSDT,daily
2024-10-22 23:59:59.999000+00:00,265747.713,2622.81,,ETHUSDT,daily
2024-10-23 23:59:59.999000+00:00,352647.7086,2524.61,,ETHUSDT,daily
2024-10-24 23:59:59.999000+00:00,290851.7842,2535.82,,ETHUSDT,daily
2024-10-25 23:59:59.999000+00:00,514799.8822,2440.62,,ETHUSDT,daily
2024-10-26 23:59:59.999000+00:00,248724.8313,2482.51,,ETHUSDT,daily
2024-10-27 23:59:59.999000+00:00,137580.8836,2507.8,,ETHUSDT,daily
2024-10-28 23:59:59.999000+00:00,360605.327,2567.48,,ETHUSDT,daily
2024-10-29 23:59:59.999000+00:00,451915.7025,2638.8,,ETHUSDT,daily
2024-10-30 23:59:59.999000+00:00,460627.126,2659.19,,ETHUSDT,daily
2024-10-31 23:59:59.999000+00:00,403427.2017,2518.61,,ETHUSDT,daily
2024-11-01 23:59:59.999000+00:00,430249.1073,2511.49,,ETHUSDT,daily
2024-11-02 23:59:59.999000+00:00,145961.13,2494.23,,ETHUSDT,daily
2024-11-03 23:59:59.999000+00:00,276009.1197,2457.73,,ETHUSDT,daily
2024-11-04 23:59:59.999000+00:00,306316.9645,2398.21,,ETHUSDT,daily
2024-11-05 23:59:59.999000+00:00,331619.2545,2422.55,,ETHUSDT,daily
2024-11-06 23:59:59.999000+00:00,1002141.3618,2721.87,,ETHUSDT,daily
2024-11-07 23:59:59.999000+00:00,730845.9524,2895.47,,ETHUSDT,daily
2024-11-08 23:59:59.999000+00:00,568864.435,2961.75,,ETHUSDT,daily
2024-11-09 23:59:59.999000+00:00,526719.4212,3126.21,,ETHUSDT,daily
2024-11-10 23:59:59.999000+00:00,865536.7322,3183.21,,ETHUSDT,daily
2024-11-11 23:59:59.999000+00:00,1000093.9664,3371.59,,ETHUSDT,daily
2024-11-12 23:59:59.999000+00:00,973215.7285,3243.8,,ETHUSDT,daily
2024-11-13 23:59:59.999000+00:00,919686.3747,3187.16,,ETHUSDT,daily
2024-11-14 23:59:59.999000+00:00,605780.6662,3058.82,,ETHUSDT,daily
2024-11-15 23:59:59.999000+00:00,519623.6317,3090.01,,ETHUSDT,daily
2024-11-16 23:59:59.999000+00:00,423639.1573,3132.87,,ETHUSDT,daily
2024-11-17 23:59:59.999000+00:00,449818.9575,3076.0,,ETHUSDT,daily
2024-11-18 23:59:59.999000+00:00,640658.4357,3207.8,,ETHUSDT,daily
2024-11-19 23:59:59.999000+00:00,500112.0194,3107.44,,ETHUSDT,daily
2024-11-20 23:59:59.999000+00:00,503607.8336,3069.97,,ETHUSDT,daily
2024-11-21 23:59:59.999000+00:00,974923.3035,3355.81,,ETHUSDT,daily
2024-11-22 23:59:59.999000+00:00,603273.7093,3327.78,,ETHUSDT,daily
2024-11-23 23:59:59.999000+00:00,721024.0009,3393.91,,ETHUSDT,daily
2024-11-24 23:59:59.999000+00:00,479098.0921,3361.2,,ETHUSDT,daily
2024-11-25 23:59:59.999000+00:00,949330.37,3414.49,,ETHUSDT,daily
2024-11-26 23:59:59.999000+00:00,672367.1503,3324.73,,ETHUSDT,daily
2024-11-27 23:59:59.999000+00:00,754573.6485,3653.28,,ETHUSDT,daily
2024-11-28 23:59:59.999000+00:00,560976.425,3578.79,,ETHUSDT,daily
2024-11-29 23:59:59.999000+00:00,425493.2449,3592.21,,ETHUSDT,daily
2024-11-30 23:59:59.999000+00:00,503684.7485,3703.6,,ETHUSDT,daily
2024-12-01 23:59:59.999000+00:00,429089.2633,3707.61,,ETHUSDT,daily
2024-12-02 23:59:59.999000+00:00,737130.569,3643.42,,ETHUSDT,daily
2024-12-03 23:59:59.999000+00:00,678400.2032,3614.51,,ETHUSDT,daily
2024-12-04 23:59:59.999000+00:00,968744.0399,3837.8,,ETHUSDT,daily
2024-12-05 23:59:59.999000+00:00,946493.276,3785.2,,ETHUSDT,daily
2024-12-06 23:59:59.999000+00:00,803855.1146,3998.87,,ETHUSDT,daily
2024-12-07 23:59:59.999000+00:00,283920.02,3996.22,,ETHUSDT,daily
2024-12-08 23:59:59.999000+00:00,251362.1685,4004.15,,ETHUSDT,daily
2024-12-09 23:59:59.999000+00:00,939642.2001,3712.0,,ETHUSDT,daily
2024-12-10 23:59:59.999000+00:00,942206.0337,3628.25,,ETHUSDT,daily
2024-12-11 23:59:59.999000+00:00,461818.7801,3831.81,,ETHUSDT,daily
2024-12-12 23:59:59.999000+00:00,572098.6343,3881.61,,ETHUSDT,daily
2024-12-13 23:59:59.999000+00:00,387765.6873,3906.8,,ETHUSDT,daily
2024-12-14 23:59:59.999000+00:00,265538.9479,3870.29,,ETHUSDT,daily
2024-12-15 23:59:59.999000+00:00,253833.2141,3959.09,,ETHUSDT,daily
2024-12-16 23:59:59.999000+00:00,673351.0723,3986.24,,ETHUSDT,daily
2024-12-17 23:59:59.999000+00:00,450825.9861,3893.01,,ETHUSDT,daily
2024-12-18 23:59:59.999000+00:00,722505.0618,3626.8,,ETHUSDT,daily
2024-12-19 23:59:59.999000+00:00,1078153.4851,3417.01,,ETHUSDT,daily
2024-12-20 23:59:59.999000+00:00,1332783.731,3472.21,,ETHUSDT,daily
2024-12-21 23:59:59.999000+00:00,475275.82,3338.92,,ETHUSDT,daily
2024-12-22 23:59:59.999000+00:00,361920.2495,3281.83,,ETHUSDT,daily
2024-12-23 23:59:59.999000+00:00,488253.41,3422.53,,ETHUSDT,daily
2024-12-24 23:59:59.999000+00:00,315723.6763,3493.18,,ETHUSDT,daily
2024-12-25 23:59:59.999000+00:00,219846.0452,3497.0,,ETHUSDT,daily
2024-12-26 23:59:59.999000+00:00,310170.1719,3335.05,,ETHUSDT,daily
2024-12-27 23:59:59.999000+00:00,342529.6038,3333.51,,ETHUSDT,daily
2024-12-28 23:59:59.999000+00:00,175963.613,3404.0,,ETHUSDT,daily
2024-12-29 23:59:59.999000+00:00,156256.8819,3356.48,,ETHUSDT,daily
2024-12-30 23:59:59.999000+00:00,420794.6476,3361.84,,ETHUSDT,daily
2024-12-31 23:59:59.999000+00:00,303053.1685,3337.78,,ETHUSDT,daily
2025-01-01 23:59:59.999000+00:00,190238.5861,3360.38,,ETHUSDT,daily
2025-01-02 23:59:59.999000+00:00,338632.8874,3455.67,,ETHUSDT,daily
2025-01-03 23:59:59.999000+00:00,334041.0604,3609.01,,ETHUSDT,daily
2025-01-04 23:59:59.999000+00:00,229266.3133,3656.88,,ETHUSDT,daily
2025-01-05 23:59:59.999000+00:00,155444.1741,3635.99,,ETHUSDT,daily
2025-01-06 23:59:59.999000+00:00,329642.3648,3687.45,,ETHUSDT,daily
2025-01-07 23:59:59.999000+00:00,541543.2874,3381.31,,ETHUSDT,daily
2025-01-08 23:59:59.999000+00:00,584749.9627,3327.29,,ETHUSDT,daily
2025-01-09 23:59:59.999000+00:00,501818.4247,3219.2,,ETHUSDT,daily
2025-01-10 23:59:59.999000+00:00,454142.1333,3267.04,,ETHUSDT,daily
2025-01-11 23:59:59.999000+00:00,151679.7487,3282.83,,ETHUSDT,daily
2025-01-12 23:59:59.999000+00:00,164879.9709,3267.3,,ETHUSDT,daily
2025-01-13 23:59:59.999000+00:00,845907.5669,3137.51,,ETHUSDT,daily
2025-01-14 23:59:59.999000+00:00,374308.4517,3225.63,,ETHUSDT,daily
2025-01-15 23:59:59.999000+00:00,464188.034,3451.52,,ETHUSDT,daily
2025-01-16 23:59:59.999000+00:00,471282.6787,3308.05,,ETHUSDT,daily
2025-01-17 23:59:59.999000+00:00,518550.1813,3473.63,,ETHUSDT,daily
2025-01-18 23:59:59.999000+00:00,634197.1281,3307.71,,ETHUSDT,daily
2025-01-19 23:59:59.999000+00:00,1342301.5217,3215.12,,ETHUSDT,daily
2025-01-20 23:59:59.999000+00:00,1158354.7814,3284.0,,ETHUSDT,daily
2025-01-21 23:59:59.999000+00:00,548706.0513,3327.54,,ETHUSDT,daily
2025-01-22 23:59:59.999000+00:00,349240.7498,3242.6,,ETHUSDT,daily
2025-01-23 23:59:59.999000+00:00,605592.7225,3338.21,,ETHUSDT,daily
2025-01-24 23:59:59.999000+00:00,451524.2752,3310.09,,ETHUSDT,daily
2025-01-25 23:59:59.999000+00:00,208559.0415,3318.77,,ETHUSDT,daily
2025-01-26 23:59:59.999000+00:00,272165.469,3232.61,,ETHUSDT,daily
2025-01-27 23:59:59.999000+00:00,753004.7529,3182.44,,ETHUSDT,daily
2025-01-28 23:59:59.999000+00:00,350959.7173,3077.72,,ETHUSDT,daily
2025-01-29 23:59:59.999000+00:00,409737.2576,3113.9,,ETHUSDT,daily
2025-01-30 23:59:59.999000+00:00,350639.4823,3247.39,,ETHUSDT,daily
2025-01-31 23:59:59.999000+00:00,648681.6561,3300.99,,ETHUSDT,daily
2025-02-01 23:59:59.999000+00:00,354065.2525,3117.54,,ETHUSDT,daily
2025-02-02 23:59:59.999000+00:00,1050805.93,2869.68,,ETHUSDT,daily
2025-02-03 23:59:59.999000+00:00,2807979.021,2879.9,,ETHUSDT,daily
2025-02-04 23:59:59.999000+00:00,1259594.3919,2731.19,,ETHUSDT,daily
2025-02-05 23:59:59.999000+00:00,686593.0429,2788.25,,ETHUSDT,daily
2025-02-06 23:59:59.999000+00:00,719459.9571,2686.64,,ETHUSDT,daily
2025-02-07 23:59:59.999000+00:00,695467.3612,2622.1,,ETHUSDT,daily
2025-02-08 23:59:59.999000+00:00,379685.1509,2632.46,,ETHUSDT,daily
2025-02-09 23:59:59.999000+00:00,387166.7911,2627.18,,ETHUSDT,daily
2025-02-10 23:59:59.999000+00:00,398173.2716,2661.19,,ETHUSDT,daily
2025-02-11 23:59:59.999000+00:00,484196.1435,2602.59,,ETHUSDT,daily
2025-02-12 23:59:59.999000+00:00,646295.8959,2738.27,,ETHUSDT,daily
2025-02-13 23:59:59.999000+00:00,443769.2853,2675.87,,ETHUSDT,daily
2025-02-14 23:59:59.999000+00:00,419895.7862,2725.95,,ETHUSDT,daily
2025-02-15 23:59:59.999000+00:00,202971.4295,2693.04,,ETHUSDT,daily
2025-02-16 23:59:59.999000+00:00,191231.5314,2661.41,,ETHUSDT,daily
2025-02-17 23:59:59.999000+00:00,639739.8197,2744.05,,ETHUSDT,daily
2025-02-18 23:59:59.999000+00:00,604863.8737,2671.99,,ETHUSDT,daily
2025-02-19 23:59:59.999000+00:00,326154.0202,2715.5,,ETHUSDT,daily
2025-02-20 23:59:59.999000+00:00,336735.2544,2738.04,,ETHUSDT,daily
2025-02-21 23:59:59.999000+00:00,890440.0604,2663.0,,ETHUSDT,daily
2025-02-22 23:59:59.999000+00:00,444989.6669,2763.22,,ETHUSDT,daily
2025-02-23 23:59:59.999000+00:00,611002.1222,2819.69,,ETHUSDT,daily
2025-02-24 23:59:59.999000+00:00,876876.3707,2513.52,,ETHUSDT,daily
2025-02-25 23:59:59.999000+00:00,1322016.8718,2495.7,,ETHUSDT,daily
2025-02-26 23:59:59.999000+00:00,863087.2133,2336.37,,ETHUSDT,daily
2025-02-27 23:59:59.999000+00:00,637583.9106,2307.72,,ETHUSDT,daily
2025-02-28 23:59:59.999000+00:00,1291539.0557,2237.59,,ETHUSDT,daily
2025-03-01 23:59:59.999000+00:00,446430.7271,2217.39,,ETHUSDT,daily
2025-03-02 23:59:59.999000+00:00,1266684.7748,2518.11,,ETHUSDT,daily
2025-03-03 23:59:59.999000+00:00,1109565.2003,2149.01,,ETHUSDT,daily
2025-03-04 23:59:59.999000+00:00,1257822.3372,2171.51,,ETHUSDT,daily
2025-03-05 23:59:59.999000+00:00,687130.7897,2241.59,,ETHUSDT,daily
2025-03-06 23:59:59.999000+00:00,596908.3935,2202.2,,ETHUSDT,daily
2025-03-07 23:59:59.999000+00:00,782387.2606,2141.6,,ETHUSDT,daily
2025-03-08 23:59:59.999000+00:00,328793.0979,2203.58,,ETHUSDT,daily
2025-03-09 23:59:59.999000+00:00,601671.5882,2020.41,,ETHUSDT,daily
2025-03-10 23:59:59.999000+00:00,1248745.3514,1865.1,,ETHUSDT,daily
2025-03-11 23:59:59.999000+00:00,1171427.9995,1923.43,,ETHUSDT,daily
2025-03-12 23:59:59.999000+00:00,788739.6763,1908.2,,ETHUSDT,daily
2025-03-13 23:59:59.999000+00:00,569537.2622,1864.59,,ETHUSDT,daily
2025-03-14 23:59:59.999000+00:00,375805.7355,1911.65,,ETHUSDT,daily
2025-03-15 23:59:59.999000+00:00,209545.8675,1937.17,,ETHUSDT,daily
2025-03-16 23:59:59.999000+00:00,324766.6564,1887.0,,ETHUSDT,daily
2025-03-17 23:59:59.999000+00:00,334840.4877,1926.31,,ETHUSDT,daily
2025-03-18 23:59:59.999000+00:00,332896.0155,1931.54,,ETHUSDT,daily
2025-03-19 23:59:59.999000+00:00,691809.5034,2056.06,,ETHUSDT,daily
2025-03-20 23:59:59.999000+00:00,401518.9282,1983.79,,ETHUSDT,daily
2025-03-21 23:59:59.999000+00:00,262641.659,1965.75,,ETHUSDT,daily
2025-03-22 23:59:59.999000+00:00,170782.9574,1980.69,,ETHUSDT,daily
2025-03-23 23:59:59.999000+00:00,268707.5233,2005.99,,ETHUSDT,daily
2025-03-24 23:59:59.999000+00:00,477912.8154,2081.2,,ETHUSDT,daily
2025-03-25 23:59:59.999000+00:00,328765.3292,2066.15,,ETHUSDT,daily
2025-03-26 23:59:59.999000+00:00,428975.3286,2009.52,,ETHUSDT,daily
2025-03-27 23:59:59.999000+00:00,360634.8383,2003.66,,ETHUSDT,daily
2025-03-28 23:59:59.999000+00:00,626167.5832,1896.9,,ETHUSDT,daily
2025-03-29 23:59:59.999000+00:00,409769.7555,1828.08,,ETHUSDT,daily
2025-03-30 23:59:59.999000+00:00,327843.4476,1807.74,,ETHUSDT,daily
2025-03-31 23:59:59.999000+00:00,497854.9052,1822.43,,ETHUSDT,daily
2025-04-01 23:59:59.999000+00:00,452989.0974,1904.98,,ETHUSDT,daily
2025-04-02 23:59:59.999000+00:00,750840.7823,1795.22,,ETHUSDT,daily
2025-04-03 23:59:59.999000+00:00,508075.018,1817.23,,ETHUSDT,daily
2025-04-04 23:59:59.999000+00:00,572734.4702,1816.87,,ETHUSDT,daily
2025-04-05 23:59:59.999000+00:00,201716.2696,1806.01,,ETHUSDT,daily
2025-04-06 23:59:59.999000+00:00,979847.0958,1580.76,,ETHUSDT,daily
2025-04-07 23:59:59.999000+00:00,2168796.0067,1553.04,,ETHUSDT,daily
2025-04-08 23:59:59.999000+00:00,891846.1327,1473.41,,ETHUSDT,daily
2025-04-09 23:59:59.999000+00:00,1968530.9138,1669.51,,ETHUSDT,daily
2025-04-10 23:59:59.999000+00:00,911855.3934,1522.25,,ETHUSDT,daily
2025-04-11 23:59:59.999000+00:00,578484.3183,1566.85,,ETHUSDT,daily
2025-04-12 23:59:59.999000+00:00,501867.9033,1644.18,,ETHUSDT,daily
2025-04-13 23:59:59.999000+00:00,580136.6145,1597.76,,ETHUSDT,daily
2025-04-14 23:59:59.999000+00:00,645930.1419,1623.77,,ETHUSDT,daily
2025-04-15 23:59:59.999000+00:00,476178.8915,1588.78,,ETHUSDT,daily
2025-04-16 23:59:59.999000+00:00,611387.8686,1577.14,,ETHUSDT,daily
2025-04-17 23:59:59.999000+00:00,449870.3628,1583.62,,ETHUSDT,daily
2025-04-18 23:59:59.999000+00:00,200409.0359,1588.6,,ETHUSDT,daily
2025-04-19 23:59:59.999000+00:00,223096.3899,1613.27,,ETHUSDT,daily
2025-04-20 23:59:59.999000+00:00,276052.2306,1587.36,,ETHUSDT,daily
2025-04-21 23:59:59.999000+00:00,691486.6667,1579.57,,ETHUSDT,daily
2025-04-22 23:59:59.999000+00:00,1103036.9586,1756.26,,ETHUSDT,daily
2025-04-23 23:59:59.999000+00:00,887545.6316,1795.07,,ETHUSDT,daily
2025-04-24 23:59:59.999000+00:00,483465.0385,1769.65,,ETHUSDT,daily
2025-04-25 23:59:59.999000+00:00,595610.8894,1784.6,,ETHUSDT,daily
2025-04-26 23:59:59.999000+00:00,355068.0442,1820.88,,ETHUSDT,daily
2025-04-27 23:59:59.999000+00:00,340332.6435,1791.29,,ETHUSDT,daily
2025-04-28 23:59:59.999000+00:00,587269.743,1799.88,,ETHUSDT,daily
2025-04-29 23:59:59.999000+00:00,480456.3884,1797.81,,ETHUSDT,daily
2025-04-30 23:59:59.999000+00:00,473523.9877,1793.61,,ETHUSDT,daily
2025-05-01 23:59:59.999000+00:00,537198.7291,1838.11,,ETHUSDT,daily
2025-05-02 23:59:59.999000+00:00,410667.875,1842.2,,ETHUSDT,daily
2025-05-03 23:59:59.999000+00:00,213751.5979,1833.52,,ETHUSDT,daily
2025-05-04 23:59:59.999000+00:00,238254.3564,1808.86,,ETHUSDT,daily
2025-05-05 23:59:59.999000+00:00,342341.0078,1820.19,,ETHUSDT,daily
2025-05-06 23:59:59.999000+00:00,384584.2451,1817.0,,ETHUSDT,daily
2025-05-07 23:59:59.999000+00:00,456170.0705,1811.11,,ETHUSDT,daily
2025-05-08 23:59:59.999000+00:00,1473152.686,2207.39,,ETHUSDT,daily
2025-05-09 23:59:59.999000+00:00,1667041.0382,2345.04,,ETHUSDT,daily
2025-05-10 23:59:59.999000+00:00,979350.1606,2583.23,,ETHUSDT,daily
2025-05-11 23:59:59.999000+00:00,831584.3888,2514.57,,ETHUSDT,daily
2025-05-12 23:59:59.999000+00:00,1068680.9433,2495.47,,ETHUSDT,daily
2025-05-13 23:59:59.999000+00:00,1031355.6465,2679.71,,ETHUSDT,daily
2025-05-14 23:59:59.999000+00:00,830047.1122,2609.74,,ETHUSDT,daily
2025-05-15 23:59:59.999000+00:00,768954.0332,2548.69,,ETHUSDT,daily
2025-05-16 23:59:59.999000+00:00,605953.6919,2537.12,,ETHUSDT,daily
2025-05-17 23:59:59.999000+00:00,494333.2782,2475.08,,ETHUSDT,daily
2025-05-18 23:59:59.999000+00:00,810103.1851,2497.78,,ETHUSDT,daily
2025-05-19 23:59:59.999000+00:00,861747.523,2528.14,,ETHUSDT,daily
2025-05-20 23:59:59.999000+00:00,676989.1747,2524.19,,ETHUSDT,daily
2025-05-21 23:59:59.999000+00:00,1095890.2902,2550.99,,ETHUSDT,daily
2025-05-22 23:59:59.999000+00:00,852555.6669,2664.82,,ETHUSDT,daily
2025-05-23 23:59:59.999000+00:00,971442.4532,2526.5,,ETHUSDT,daily
2025-05-24 23:59:59.999000+00:00,257544.2344,2530.4,,ETHUSDT,daily
2025-05-25 23:59:59.999000+00:00,359890.0299,2551.22,,ETHUSDT,daily
2025-05-26 23:59:59.999000+00:00,362971.1182,2563.7,,ETHUSDT,daily
2025-05-27 23:59:59.999000+00:00,798430.8862,2660.81,,ETHUSDT,daily
2025-05-28 23:59:59.999000+00:00,560095.6833,2681.6,,ETHUSDT,daily
2025-05-29 23:59:59.999000+00:00,811567.2545,2631.39,,ETHUSDT,daily
2025-05-30 23:59:59.999000+00:00,763045.2564,2531.34,,ETHUSDT,daily
2025-05-31 23:59:59.999000+00:00,394537.2521,2528.06,,ETHUSDT,daily
2025-06-01 23:59:59.999000+00:00,332021.7088,2539.21,,ETHUSDT,daily
2025-06-02 23:59:59.999000+00:00,468889.9737,2607.41,,ETHUSDT,daily
2025-06-03 23:59:59.999000+00:00,454383.0439,2593.36,,ETHUSDT,daily
2025-06-04 23:59:59.999000+00:00,502494.8214,2607.68,,ETHUSDT,daily
2025-06-05 23:59:59.999000+00:00,808938.0344,2414.01,,ETHUSDT,daily
2025-06-06 23:59:59.999000+00:00,578843.4974,2476.1,,ETHUSDT,daily
2025-06-07 23:59:59.999000+00:00,264787.6743,2524.63,,ETHUSDT,daily
2025-06-08 23:59:59.999000+00:00,266474.7139,2509.83,,ETHUSDT,daily
2025-06-09 23:59:59.999000+00:00,568726.3025,2680.13,,ETHUSDT,daily
2025-06-10 23:59:59.999000+00:00,1138405.4775,2816.4,,ETHUSDT,daily
2025-06-11 23:59:59.999000+00:00,850210.9324,2771.61,,ETHUSDT,daily
2025-06-12 23:59:59.999000+00:00,699593.3757,2642.65,,ETHUSDT,daily
2025-06-13 23:59:59.999000+00:00,1202176.2972,2579.19,,ETHUSDT,daily
2025-06-14 23:59:59.999000+00:00,331438.9278,2530.76,,ETHUSDT,daily
2025-06-15 23:59:59.999000+00:00,299701.6624,2547.61,,ETHUSDT,daily
2025-06-16 23:59:59.999000+00:00,680429.988,2544.17,,ETHUSDT,daily
2025-06-17 23:59:59.999000+00:00,715930.4081,2509.95,,ETHUSDT,daily
2025-06-18 23:59:59.999000+00:00,504532.1818,2525.0,,ETHUSDT,daily
2025-06-19 23:59:59.999000+00:00,252646.059,2521.12,,ETHUSDT,daily
2025-06-20 23:59:59.999000+00:00,632027.8235,2406.49,,ETHUSDT,daily
2025-06-21 23:59:59.999000+00:00,496783.864,2295.73,,ETHUSDT,daily
2025-06-22 23:59:59.999000+00:00,840155.8295,2227.7,,ETHUSDT,daily
2025-06-23 23:59:59.999000+00:00,744583.8003,2411.66,,ETHUSDT,daily
2025-06-24 23:59:59.999000+00:00,516760.6621,2448.45,,ETHUSDT,daily
2025-06-25 23:59:59.999000+00:00,414894.7387,2418.49,,ETHUSDT,daily
2025-06-26 23:59:59.999000+00:00,463704.0261,2415.96,,ETHUSDT,daily
2025-06-27 23:59:59.999000+00:00,381474.766,2423.17,,ETHUSDT,daily
2025-06-28 23:59:59.999000+00:00,155814.9859,2435.62,,ETHUSDT,daily
2025-06-29 23:59:59.999000+00:00,284291.8057,2500.09,,ETHUSDT,daily
2025-06-30 23:59:59.999000+00:00,440455.714,2485.47,,ETHUSDT,daily
2025-07-01 23:59:59.999000+00:00,351951.0868,2405.01,,ETHUSDT,daily
2025-07-02 23:59:59.999000+00:00,634967.0337,2570.41,,ETHUSDT,daily
2025-07-03 23:59:59.999000+00:00,504943.6592,2591.25,,ETHUSDT,daily
2025-07-04 23:59:59.999000+00:00,452593.02,2508.04,,ETHUSDT,daily
2025-07-05 23:59:59.999000+00:00,157198.0958,2516.41,,ETHUSDT,daily
2025-07-06 23:59:59.999000+00:00,277593.6319,2570.35,,ETHUSDT,daily
2025-07-07 23:59:59.999000+00:00,315707.5272,2542.29,,ETHUSDT,daily
2025-07-08 23:59:59.999000+00:00,370915.7321,2615.25,,ETHUSDT,daily
2025-07-09 23:59:59.999000+00:00,686119.3772,2768.74,,ETHUSDT,daily
2025-07-10 23:59:59.999000+00:00,951896.07,2951.29,,ETHUSDT,daily
2025-07-11 23:59:59.999000+00:00,906839.1689,2958.22,,ETHUSDT,daily
2025-07-12 23:59:59.999000+00:00,348884.8877,2943.28,,ETHUSDT,daily
2025-07-13 23:59:59.999000+00:00,357333.5016,2972.03,,ETHUSDT,daily
2025-07-14 23:59:59.999000+00:00,815552.6496,3013.62,,ETHUSDT,daily
2025-07-15 23:59:59.999000+00:00,863583.7377,3137.89,,ETHUSDT,daily
2025-07-16 23:59:59.999000+00:00,1135950.5831,3371.35,,ETHUSDT,daily
2025-07-17 23:59:59.999000+00:00,974065.8264,3476.87,,ETHUSDT,daily
2025-07-18 23:59:59.999000+00:00,1163823.3977,3546.92,,ETHUSDT,daily
2025-07-19 23:59:59.999000+00:00,381791.9213,3592.01,,ETHUSDT,daily
2025-07-20 23:59:59.999000+00:00,852356.5533,3756.69,,ETHUSDT,daily
2025-07-21 23:59:59.999000+00:00,812074.0534,3762.33,,ETHUSDT,daily
2025-07-22 23:59:59.999000+00:00,870127.3864,3746.21,,ETHUSDT,daily
2025-07-23 23:59:59.999000+00:00,800259.4025,3628.29,,ETHUSDT,daily
2025-07-24 23:59:59.999000+00:00,749459.495,3706.94,,ETHUSDT,daily
2025-07-25 23:59:59.999000+00:00,764606.7261,3724.96,,ETHUSDT,daily
2025-07-26 23:59:59.999000+00:00,407259.7024,3741.1,,ETHUSDT,daily
2025-07-27 23:59:59.999000+00:00,457352.4605,3872.1,,ETHUSDT,daily
2025-07-28 23:59:59.999000+00:00,620994.7463,3799.0,,ETHUSDT,daily
2025-07-29 23:59:59.999000+00:00,584210.4393,3793.79,,ETHUSDT,daily
2025-07-30 23:59:59.999000+00:00,525424.9003,3810.0,,ETHUSDT,daily
2025-07-31 23:59:59.999000+00:00,516088.4503,3698.39,,ETHUSDT,daily
2025-08-01 23:59:59.999000+00:00,783869.1517,3488.2,,ETHUSDT,daily
2025-08-02 23:59:59.999000+00:00,494195.7094,3393.94,,ETHUSDT,daily
2025-08-03 23:59:59.999000+00:00,296347.6758,3496.74,,ETHUSDT,daily
2025-08-04 23:59:59.999000+00:00,463349.9861,3720.99,,ETHUSDT,daily
2025-08-05 23:59:59.999000+00:00,489070.9589,3612.0,,ETHUSDT,daily
2025-08-06 23:59:59.999000+00:00,365309.9205,3683.31,,ETHUSDT,daily
2025-08-07 23:59:59.999000+00:00,631678.9872,3910.31,,ETHUSDT,daily
2025-08-08 23:59:59.999000+00:00,723300.0109,4009.5,,ETHUSDT,daily
2025-08-09 23:59:59.999000+00:00,691932.1048,4260.62,,ETHUSDT,daily
2025-08-10 23:59:59.999000+00:00,494843.8105,4250.57,,ETHUSDT,daily
2025-08-11 23:59:59.999000+00:00,722664.04,4223.22,,ETHUSDT,daily
2025-08-12 23:59:59.999000+00:00,885288.0652,4590.52,,ETHUSDT,daily
2025-08-13 23:59:59.999000+00:00,925931.4988,4749.3,,ETHUSDT,daily
2025-08-14 23:59:59.999000+00:00,1265449.0453,4546.84,,ETHUSDT,daily
2025-08-15 23:59:59.999000+00:00,880409.2591,4439.47,,ETHUSDT,daily
2025-08-16 23:59:59.999000+00:00,358676.5884,4421.99,,ETHUSDT,daily
2025-08-17 23:59:59.999000+00:00,442461.3829,4472.33,,ETHUSDT,daily
2025-08-18 23:59:59.999000+00:00,823188.1269,4312.99,,ETHUSDT,daily
2025-08-19 23:59:59.999000+00:00,831222.7951,4075.59,,ETHUSDT,daily
2025-08-20 23:59:59.999000+00:00,728324.8933,4336.16,,ETHUSDT,daily
2025-08-21 23:59:59.999000+00:00,433836.3992,4225.3,,ETHUSDT,daily
2025-08-22 23:59:59.999000+00:00,1277976.63526,4832.07,,ETHUSDT,daily
2025-08-23 23:59:59.999000+00:00,512442.0888,4778.4,,ETHUSDT,daily
2025-08-24 23:59:59.999000+00:00,780668.77842,4780.15,,ETHUSDT,daily
2025-08-25 23:59:59.999000+00:00,1043917.1659,4376.18,,ETHUSDT,daily
2025-08-26 23:59:59.999000+00:00,834750.2767,4600.63,,ETHUSDT,daily
2025-08-27 23:59:59.999000+00:00,606669.3611,4506.71,,ETHUSDT,daily
2025-08-28 23:59:59.999000+00:00,485243.4027,4511.21,,ETHUSDT,daily
2025-08-29 23:59:59.999000+00:00,679063.8777,4360.18,,ETHUSDT,daily
2025-08-30 23:59:59.999000+00:00,340319.1826,4373.7,,ETHUSDT,daily
2025-08-31 23:59:59.999000+00:00,356586.1861,4391.83,,ETHUSDT,daily
2025-09-01 23:59:59.999000+00:00,513830.0395,4314.5,,ETHUSDT,daily
2025-09-02 23:59:59.999000+00:00,524605.0512,4326.5,,ETHUSDT,daily
2025-09-03 23:59:59.999000+00:00,487091.6861,4450.46,,ETHUSDT,daily
2025-09-04 23:59:59.999000+00:00,471795.7096,4297.55,,ETHUSDT,daily
2025-09-05 23:59:59.999000+00:00,624169.8754,4307.45,,ETHUSDT,daily
2025-09-06 23:59:59.999000+00:00,191166.0686,4273.14,,ETHUSDT,daily
2025-09-07 23:59:59.999000+00:00,169620.8372,4306.19,,ETHUSDT,daily
2025-09-08 23:59:59.999000+00:00,372882.4355,4306.37,,ETHUSDT,daily
2025-09-09 23:59:59.999000+00:00,405485.7821,4310.09,,ETHUSDT,daily
2025-09-10 23:59:59.999000+00:00,506633.9098,4349.32,,ETHUSDT,daily
2025-09-11 23:59:59.999000+00:00,441259.6649,4458.82,,ETHUSDT,daily
2025-09-12 23:59:59.999000+00:00,510777.5402,4712.16,,ETHUSDT,daily
2025-09-13 23:59:59.999000+00:00,394393.6869,4666.53,,ETHUSDT,daily
2025-09-14 23:59:59.999000+00:00,278244.3205,4604.49,,ETHUSDT,daily
2025-09-15 23:59:59.999000+00:00,412291.9687,4523.74,,ETHUSDT,daily
2025-09-16 23:59:59.999000+00:00,293307.1099,4501.29,,ETHUSDT,daily
2025-09-17 23:59:59.999000+00:00,476981.4561,4590.53,,ETHUSDT,daily
2025-09-18 23:59:59.999000+00:00,290660.377,4587.66,,ETHUSDT,daily
2025-09-19 23:59:59.999000+00:00,331611.1482,4468.59,,ETHUSDT,daily
2025-09-20 23:59:59.999000+00:00,130781.913,4480.42,,ETHUSDT,daily
2025-09-21 23:59:59.999000+00:00,149349.8262,4444.97,,ETHUSDT,daily
2025-09-22 23:59:59.999000+00:00,708243.2348,4199.08,,ETHUSDT,daily
2025-09-23 23:59:59.999000+00:00,315227.9057,4164.26,,ETHUSDT,daily
2025-09-24 23:59:59.999000+00:00,353665.5671,4152.81,,ETHUSDT,daily
2025-09-25 23:59:59.999000+00:00,930327.6951,3874.36,,ETHUSDT,daily
2025-09-26 23:59:59.999000+00:00,575711.0859,4032.24,,ETHUSDT,daily
2025-09-27 23:59:59.999000+00:00,172693.2638,4018.38,,ETHUSDT,daily
2025-09-28 23:59:59.999000+00:00,240331.8589,4142.16,,ETHUSDT,daily
2025-09-29 23:59:59.999000+00:00,380728.6784,4215.07,,ETHUSDT,daily
2025-09-30 23:59:59.999000+00:00,391126.6172,4145.15,,ETHUSDT,daily
2025-10-01 23:59:59.999000+00:00,507026.3822,4348.03,,ETHUSDT,daily
2025-10-02 23:59:59.999000+00:00,526411.1571,4484.35,,ETHUSDT,daily
2025-10-03 23:59:59.999000+00:00,485684.0267,4512.87,,ETHUSDT,daily
2025-10-04 23:59:59.999000+00:00,199732.7088,4487.15,,ETHUSDT,daily
2025-10-05 23:59:59.999000+00:00,506587.9614,4514.32,,ETHUSDT,daily
2025-10-06 23:59:59.999000+00:00,456200.6528,4684.01,,ETHUSDT,daily
2025-10-07 23:59:59.999000+00:00,640685.9319,4447.7,,ETHUSDT,daily
2025-10-08 23:59:59.999000+00:00,399904.3287,4525.72,,ETHUSDT,daily
2025-10-09 23:59:59.999000+00:00,515978.1829,4368.09,,ETHUSDT,daily
2025-10-10 23:59:59.999000+00:00,1493971.0244,3829.72,,ETHUSDT,daily
2025-10-11 23:59:59.999000+00:00,789885.6582,3746.79,,ETHUSDT,daily
2025-10-12 23:59:59.999000+00:00,811308.152,4152.29,,ETHUSDT,daily
2025-10-13 23:59:59.999000+00:00,622813.9247,4240.85,,ETHUSDT,daily
2025-10-14 23:59:59.999000+00:00,938418.086,4119.48,,ETHUSDT,daily
